{"cameraMode":{"drawMode":0,"name":"Shaded","section":"Shading Mode"},"sceneLighting":true,"audioPlay":false,"sceneViewState":{"m_AlwaysRefresh":false,"showFog":true,"showSkybox":true,"showFlares":true,"showImageEffects":true,"showParticleSystems":true,"showVisualEffectGraphs":true,"m_FxEnabled":true},"in2DMode":false,"pivot":{"x":44.85639953613281,"y":156.30274963378907,"z":62.39606475830078},"rotation":{"x":0.22062881290912629,"y":0.12686645984649659,"z":-0.028954781591892244,"w":0.9666413068771362},"size":53.253379821777347,"orthographic":true}