{"cameraMode":{"drawMode":0,"name":"Shaded","section":"Shading Mode"},"sceneLighting":false,"audioPlay":false,"sceneViewState":{"m_AlwaysRefresh":false,"showFog":true,"showSkybox":false,"showFlares":true,"showImageEffects":true,"showParticleSystems":true,"showVisualEffectGraphs":true,"m_FxEnabled":true},"in2DMode":false,"pivot":{"x":10.272649765014649,"y":2.345733880996704,"z":23.258533477783204},"rotation":{"x":-0.24793368577957154,"y":0.04415401816368103,"z":-0.011317109689116478,"w":-0.9677149653434753},"size":6.007693290710449,"orthographic":false}